{
    "loss": 0.6010001301765442,
    "accuracy": 0.9233333468437195
}